word,n,scount_me,scount_md,d_pause_me,d_pause_md,d_draw_me,d_draw_md,d_total_md,d_total_me
dragon,115293,6.765840077021155,6.0,3.4926160391350733,3.192,10.048550016046073,9.836,13.388,13.541166055181147
horse,156113,6.661930780908701,6.0,2.7364640805057876,2.256,9.287931767373633,8.986,11.82,12.02439584787942
mermaid,158162,8.719793629316776,8.0,4.020230497843983,3.808,9.238992634134622,9.051,13.12,13.259223131978604
kangaroo,152354,5.625293723827402,5.0,2.776845005710385,2.487,9.074014348162832,8.861,11.659,11.850859353873217
lobster,118057,8.3187443353634265,8.0,4.019407362545211,3.684,9.034136078335042,8.807,12.915,13.053543440880253
cow,100978,10.360187367545405,10.0,4.5076416942304265,4.405,8.699324318168314,8.536,13.032,13.206966012398741
zebra,126994,10.05052207190891,9.0,3.5618228735215838,3.2155,8.648926114619588,8.416,11.898,12.210748988141171
elephant,104877,5.222994555526951,5.0,2.618924597385509,2.304,8.64586435538774,8.298,10.843,11.264788952773248
tiger,110010,12.471893464230524,12.0,5.0097539860012725,4.83,8.5892254067812015,8.377,13.685,13.598979392782475
crocodile,106280,4.444796763266842,4.0,2.02148306360557,1.622,8.504217971396312,8.11,9.885,10.525701035001882
school bus,115916,7.8151074916318715,7.0,3.786559379205632,3.4655,8.447388100003451,8.198,11.8615,12.233947479209082
squirrel,134788,6.982631985043179,6.0,3.5370025966703267,3.21,8.268029824613468,7.988,11.4795,11.805032421283794
train,113353,10.197868605153811,10.0,4.8092542676417915,4.547,8.243565516572124,8.034,12.902,13.052819784213916
raccoon,101051,9.516442192556234,9.0,4.35307357670879,4.047,8.22451372079445,7.972,12.34,12.577587297503241
rhinoceros,166366,4.744713463087409,4.0,2.4017495642138416,1.977,8.168662731567748,7.848,10.112,10.57041229578159
scorpion,143582,8.43621066707526,8.0,3.9203130336671728,3.641,8.09201075343706,7.817,11.851,12.012323787104233
bulldozer,165271,7.049694138717621,7.0,3.8428042124752677,3.566,8.081673566445414,7.834,11.598,11.924477778920682
guitar,111624,6.729430946749803,6.0,3.126689421629757,2.807,7.84062229448864,7.491,10.438,10.967311716118397
bat,96056,4.191357125010411,4.0,1.8998171066877654,1.454,7.827838667027567,7.443,9.147,9.727655773715332
giraffe,122261,4.9985440982815454,4.0,2.199051193757617,1.617,7.75065855833013,7.42,9.202,9.949709752087747
ambulance,134321,7.531815576119892,7.0,3.8176775336693445,3.43,7.700172958807633,7.418,11.096,11.517850492476978
camel,115343,2.645023971979227,2.0,0.9095320132127654,0.4,7.622631967262859,7.33,7.983,8.532163980475625
jacket,193933,4.119845513656778,3.0,2.079270706893618,1.652,7.556527759587074,7.256,9.151,9.635798466480692
whale,108948,5.366312369203657,5.0,3.0067617211880897,2.55,7.519701582406285,7.24,9.949,10.526463303594376
duck,113666,5.597496172998082,5.0,2.915346655992117,2.542,7.459653115267538,7.212,10.103,10.374999771259656
cello,127664,5.975435518235368,5.0,2.948476931633037,2.595,7.438226304988094,7.18,10.097,10.38670323662113
crab,106372,8.82826307674952,9.0,4.322718826382883,3.971,7.432731094648968,7.157,11.514,11.75544992103185
dog,143102,7.030852119467233,7.0,3.4183571578314766,3.1535,7.411100781260918,7.074,10.462,10.829457939092396
camouflage,150651,7.224326423322779,6.0,2.5888167088170673,2.118,7.396392981128568,7.006,9.372,9.985209689945636
shark,119295,3.7822205457060227,3.0,1.9085990108554425,1.368,7.336168322226413,6.991,8.613,9.244767333081857
bus,144040,7.002256317689531,7.0,3.495511059427937,3.172,7.265326624548736,6.973,10.312,10.760837683976673
castle,116571,4.013811325286735,3.0,1.8732341062528417,1.462,7.236243894279023,6.89,8.625,9.109478000531865
frog,145133,6.585759269084219,6.0,3.514767620045062,3.05,7.232492527543701,6.855,10.07,10.747260147588763
dolphin,110238,2.8831618861009813,2.0,1.3134364375260799,0.827,7.231604256245578,6.881,7.936,8.545040693771657
violin,195105,4.797032367186899,4.0,2.2615319853412266,1.776,7.20757325030112,6.743,8.535,9.469105235642347
owl,147508,8.85844835534344,8.0,4.502865403910296,4.179,7.188428966564525,6.912,11.398,11.691294370474822
angel,127610,7.592140114411096,7.0,3.843179601912076,3.48,7.179759188151399,6.885,10.699,11.022938790063474
The Mona Lisa,111449,8.55377796121993,8.0,4.2064768818024385,3.806,7.172250365638095,6.853,10.984,11.378727247440533
aircraft carrier,94482,5.798268453250355,5.0,3.386968067991787,2.91,7.147947979509325,6.845,10.034,10.534916047501111
windmill,114082,5.807612068512123,6.0,2.7841972002594626,2.407,7.1307293350397085,6.878,9.476,9.914926535299172
parrot,163418,6.849949210001347,6.0,3.411430711427138,3.053,7.094651843738144,6.839,10.212,10.506082555165282
fireplace,133449,5.9152560154066345,5.0,3.0030192358129324,2.58,7.0604622664838255,6.727,9.579,10.063481502296758
hospital,145324,6.1022680355619165,5.0,3.2709390052572185,2.815,7.047708472103713,6.733,9.844,10.318647477360932
firetruck,198513,8.091449930231269,7.0,3.978504475777405,3.646,7.038458589613779,6.829,10.798,11.016963065391183
penguin,231615,6.526960689074542,6.0,3.383261321589707,3.081,7.001387673509919,6.691,9.912,10.384648995099626
soccer ball,119096,7.178670988110432,7.0,3.6814327013501713,3.329,6.974944784039766,6.633,10.213,10.656377485389937
couch,111847,5.500478332007117,5.0,3.0676880649458638,2.775,6.954662038320206,6.675,9.675,10.022350103266069
pickup truck,115699,4.539684871952221,4.0,2.271273770732677,1.664,6.950522657931356,6.55,8.291,9.221796428664033
police car,122658,5.706533613787931,5.0,2.5019072054003817,2.176,6.947732500122291,6.666,8.881,9.449639705522673
sink,186295,6.947985721570627,6.0,3.7620112348694277,3.315,6.918349832255294,6.61,10.303,10.680361067124721
monkey,105561,9.307632553689336,9.0,4.821580905826963,4.495,6.88441921732458,6.587,11.434,11.706000123151544
fan,114078,7.152237942460422,7.0,3.3416775977839723,2.911,6.813102464980101,6.452,9.663,10.154780062764074
truck,122424,5.1530337188786515,5.0,2.6066540710971706,2.261,6.794815771417369,6.4005,8.766,9.40146984251454
sandwich,116456,4.781711547709006,4.0,2.7291369444253624,2.26,6.7928036855121245,6.452,8.966,9.521940629937488
calendar,299693,9.549098577544354,9.0,4.190538574474545,3.893,6.761780168372301,6.524,10.669,10.952318742846847
teddy-bear,157448,8.4441466388903,8.0,3.789009723845333,3.44,6.746907385295462,6.401,10.003,10.535917109140795
brain,126139,7.823908545334908,7.0,2.680672282164913,2.267,6.745183741745217,6.277,8.799,9.42585602391013
swan,132834,3.421879940376711,3.0,1.6066482602345784,1.007,6.744898708162067,6.355,7.584,8.351546968396645
teapot,119982,4.278133386674668,4.0,2.244242311346702,1.889,6.689101348535614,6.372,8.419,8.933343659882315
trombone,162650,4.831699969259145,4.0,2.698956913618199,2.159,6.685162490009223,6.388,8.761,9.384119403627421
helicopter,137811,7.883195100536241,8.0,4.017420655825732,3.699,6.672419240844345,6.349,10.194,10.689839896670078
rabbit,133193,7.334206752607119,7.0,3.5677368480325544,3.2,6.662511776144392,6.345,9.777,10.230248624176946
sweater,115973,2.4068619420037423,2.0,0.8166360273511938,0.237,6.625767195812818,6.27,6.8,7.442403223164012
car,160602,4.574127345861197,4.0,2.218718284952865,1.659,6.597038573616767,6.116,7.867,8.815756858569632
tractor,104874,5.365104792417568,5.0,2.9272348055762154,2.404,6.593566966073574,6.176,8.752,9.52080177164979
panda,94714,7.118113478472032,7.0,3.2665928162679223,2.87,6.554960766095825,6.166,9.187,9.821553582363748
cake,111716,8.197196462458377,8.0,4.274071404275126,3.902,6.543464078556339,6.305,10.66,10.817535482831465
flamingo,116143,5.28451994523992,5.0,2.674928338341527,2.319,6.542365359944207,6.179,8.604,9.217293698285735
lantern,127845,7.13282490515859,6.0,3.794107645977551,3.318,6.541351402088466,6.212,9.741,10.335459048066017
van,143787,4.728341226953758,4.0,2.367094521757878,1.795,6.539677404772337,6.099,7.981,8.906771926530215
lion,98880,6.370529935275081,6.0,2.7294182038834953,2.323,6.534155501618123,6.136,8.611,9.263573705501619
snorkel,132488,3.5324859609926937,3.0,1.9971104779300768,1.584,6.5252913773322865,6.175,7.973,8.522401855262363
hedgehog,103117,14.277742758226093,13.0,4.347924251093418,4.052,6.499697246816723,6.184,10.39,10.847621497910142
toaster,102477,5.375362276413244,5.0,3.2282245967387806,2.775,6.481393083326014,6.196,9.293,9.709617680064795
beard,145914,6.204915224036076,5.0,2.5431503351289115,2.024,6.468507134339405,6.025,8.2905,9.011657469468316
paintbrush,164838,8.207385432970552,7.0,2.8923394059622174,2.544,6.4481523920455235,6.092,8.686,9.340491798007742
picture frame,117542,3.2885606846914293,2.0,1.438035000255228,0.933,6.4428768525293085,5.953,7.08,7.8809118527845365
campfire,124949,5.834916645991565,5.0,2.374943056767161,1.991,6.419570656827986,6.088,8.219,8.794513713595148
garden,139428,7.955202685256907,7.0,3.3569399690162665,2.94,6.410210904552888,5.996,9.13,9.767150873569154
airplane,135668,4.200843234955922,4.0,2.1404392045287026,1.87,6.399593419229295,6.057,7.982,8.540032623757998
house plant,116626,5.3488501706309055,5.0,2.440686999468386,2.123,6.391379975305678,6.038,8.314,8.832066974774063
hammer,111253,3.1340188579184383,3.0,1.7157292657276657,1.143,6.377306589485228,6.098,7.56,8.093035855212893
stove,94472,8.841498009992378,8.0,4.0834928867812685,3.6585,6.34339147048861,6.027,9.987,10.426884357269879
bear,127539,6.594304487254879,6.0,3.171020315354519,2.726,6.305928908020292,5.874,8.875,9.476949223374811
calculator,120346,7.3893440579661975,7.0,2.78564160005318,2.432,6.2926414587938115,5.957,8.471,9.078283058846992
stop sign,114635,7.107445370087669,7.0,2.7685690583155234,2.371,6.287171265320365,6.057,8.654,9.055740323635888
sea turtle,110109,7.802041613310447,7.0,3.850777366064536,3.465,6.255274092036073,5.94,9.574,10.106051458100609
book,111090,7.034773606985327,7.0,3.2259995769196146,2.811,6.243157736970025,5.852,8.727,9.469157313889639
screwdriver,102370,3.992458728143011,3.0,2.1660276741232782,1.521,6.189189899384585,5.865,7.7035,8.355217573507863
fire hydrant,115192,5.182721022293215,5.0,2.612666192096673,2.225,6.148639158969373,5.838,8.145,8.761305351066046
piano,113897,8.380756297356383,8.0,3.4626335899979805,3.031,6.1364039175746505,5.687,8.867,9.599037507572632
map,112032,7.202343973150528,6.0,3.3485596615252784,2.9,6.131513763924593,5.831,9.079,9.480073425449872
goatee,167905,6.762961198296656,6.0,3.2312365325630563,2.789,6.109189928828802,5.566,8.557,9.340426461391859
skull,119150,5.752211498111624,5.0,2.497035065044062,2.1635,6.099819185900126,5.807,8.116,8.596854250944189
telephone,111132,5.471574344023324,4.0,2.351456889104848,1.768,6.079999703055826,5.674,7.573,8.431456592160673
clarinet,117664,6.2950605112863744,6.0,2.7855143204378567,2.305,6.074307434729399,5.682,8.093,8.859821755167255
lighthouse,138797,8.562245581676837,8.0,4.354946093935748,4.009,6.068632737018811,5.766,9.907,10.42357883095456
The Great Wall of China,170846,5.444616789389275,4.0,2.8582926085480493,2.223,6.063139236505391,5.556,8.037,8.92143184505344
cruise ship,112018,5.161063400524916,4.0,2.636785373779214,2.148,6.0467290256923,5.698,8.04,8.683514399471514
octopus,143367,3.898944666485314,3.0,1.4406607517769081,0.763,6.039622967628533,5.631,6.703,7.480283719405442
dresser,101349,6.670238482866136,6.0,3.3308569300141095,2.969,6.016739740895322,5.668,8.892,9.347596670909432
key,138898,2.813229852121701,2.0,1.3956854022376133,0.742,6.001706280867975,5.64,6.656,7.397391683105588
pig,164653,9.394757459627217,9.0,4.61003951340091,4.215,5.993590192708302,5.642,10.083,10.603629706109212
blackberry,113615,7.346353914535933,6.0,2.296229124675439,1.689,5.956406618844342,5.362,7.07,8.252635743519782
bird,111468,6.3868913051279295,6.0,3.101787436753149,2.789,5.953285238812933,5.817,8.805,9.055072675566082
tennis racquet,208975,8.292039717669578,8.0,3.2844348941260915,2.938,5.941634056705348,5.574,8.664,9.22606895083144
speedboat,166422,5.75443150545,5.0,3.5439090625037557,3.089,5.938791319657257,5.639,8.973,9.482700382161012
palm tree,116856,5.029617649072363,4.0,2.1246714845621963,1.678,5.926931719381119,5.48,7.25,8.051603203943316
ceiling fan,107972,5.212545845219131,5.0,2.3188337717185936,1.906,5.926109287593079,5.502,7.432,8.244943059311673
saw,112642,2.4432272154258623,2.0,0.9429476660570657,0.668,5.925406225031516,5.466,6.187,6.8683538910885815
pizza,124258,8.66592090650099,8.0,3.7141717796842055,3.377,5.92232481610842,5.674,9.332,9.636496595792625
passport,128166,6.630315372251611,6.0,3.1218493282149713,2.567,5.894463757938923,5.447,8.19,9.016313086153895
computer,117381,5.98620730782665,5.0,2.5250973155791825,2.052,5.890327574309301,5.414,7.645,8.415424889888483
toothpaste,123711,4.618748534891805,4.0,2.2786566109723467,1.783,5.807942559675372,5.456,7.334,8.08659917064772
saxophone,109532,3.421785414308147,3.0,1.371105430376511,0.897,5.803565743344411,5.534,6.609,7.174671173720922
pliers,150538,3.539943402994593,3.0,1.809971542069112,1.33,5.796084995150726,5.51,6.9575,7.606056537219838
motorbike,148487,6.179705967525777,5.0,3.3169558681904814,2.894,5.77951939227003,5.454,8.543,9.096475260460512
drill,114740,3.391981872058567,3.0,1.5478099965138574,1.215,5.7776619748997735,5.425,6.735,7.325471971413631
arm,112607,2.276332732423384,2.0,0.9688085465379594,0.505,5.771037555391761,5.476,6.028,6.73984610192972
backpack,117982,5.036319099523656,5.0,3.0054644013493585,2.568,5.733230416504212,5.383,8.135,8.73869481785357
broccoli,126478,5.063307452679517,3.0,1.840585374531539,1.197,5.728074186815098,5.19,6.593,7.568659561346637
laptop,239288,6.289839022433219,5.0,2.472596887432717,1.989,5.710970219985958,5.063,6.945,8.183567107418675
snail,128390,3.636692888854272,3.0,1.8093488044240205,1.367,5.69829816963938,5.1965,6.662,7.507646974063401
barn,129040,5.6093846869187844,5.0,3.0463617482951024,2.602,5.683376511159331,5.302,7.989,8.729738259454432
sheep,117452,5.786670299356333,5.0,2.544093399856963,2.158,5.676314162381228,5.222,7.52,8.22040756223819
pineapple,121810,5.722641819226665,5.0,2.073317198916345,1.546,5.672717198916345,5.275,6.934,7.74603439783269
butterfly,114448,4.510755976513351,4.0,1.973739785754229,1.694,5.66923284810569,5.283,7.057,7.642972633859919
asparagus,146094,6.176160554163758,5.0,2.3560004654537487,1.838,5.64624287787315,5.142,7.006,8.0022433433269
anvil,117362,2.332109200593037,2.0,0.8886879569196162,0.381,5.634810168538368,5.402,5.989,6.5234981254579845
toilet,124929,4.271057960921803,4.0,2.3010270793810883,1.936,5.634710371491007,5.28,7.331,7.935737450872096
t-shirt,120737,1.8562826639721046,1.0,0.5106499167612248,0.0,5.6035585860175425,5.382,5.699,6.114208502778767
cannon,119326,5.969637798970886,5.0,3.3599392001743125,2.773,5.593769220454888,5.161,8.008,8.953708420629201
oven,192263,4.964038842627026,4.0,2.5447706266936434,1.956,5.593542631707609,5.189,7.35,8.138313258401253
trumpet,147467,5.041148189086372,4.0,2.256841035621529,1.774,5.587888503868662,5.099,6.935,7.844729539490191
bee,110798,9.044098268921822,9.0,4.140777667466922,3.766,5.571768163685265,5.282,9.283,9.712545831152188
hot tub,98236,6.929923856834562,6.0,3.167305722952889,2.553,5.5694206909890465,5.037,7.468,8.736726413941936
flashlight,217603,7.184197828154943,7.0,3.4209604692950006,3.004,5.5663568976530655,5.273,8.449,8.987317366948066
sword,117174,3.632665949784082,3.0,1.7145149862597504,1.322,5.547145399149982,5.264,6.742,7.261660385409733
church,142140,5.504840298297453,5.0,3.0331351695511466,2.544,5.5318214858590125,5.183,7.9265,8.564956655410159
hot dog,159858,3.3827521925709068,3.0,1.8951527105305959,1.552,5.50362506099163,5.196,6.898,7.398777771522226
cell phone,113046,5.290386214461369,4.0,2.339001530350477,1.799,5.498518585354635,5.139,7.057,7.837520115705111
basket,108408,7.3081045679285666,7.0,3.2250342133421888,2.779,5.478236744520699,5.121,8.1465,8.703270957862888
cat,102943,9.522221034941667,9.0,4.11837181741352,3.699,5.4748674217771,5.112,8.963,9.59323923919062
television,117592,5.361189536703177,5.0,2.8198980542894074,2.308,5.468356452819919,5.072,7.649,8.288254507109327
flower,138711,3.8015946824693065,3.0,1.5643563163700067,1.177,5.467258191491663,5.021,6.443,7.031614507861669
microwave,123782,5.337213811378068,4.0,2.327321226026401,1.862,5.463515890840348,5.107,7.047,7.79083711686675
cooler,249297,5.133014035467736,4.0,2.721239894583569,1.999,5.4629064890472,5.016,7.203,8.18414638363077
lighter,114299,4.051706489120639,4.0,2.2170122923210176,1.765,5.461818178636734,5.068,6.975,7.6788304709577515
bathtub,152240,4.188353914871256,4.0,2.293619797687861,1.819,5.455577318707304,5.154,7.117,7.749197116395165
hand,269584,1.5926204819277108,1.0,0.3261537183215621,0.0,5.436302495697074,4.936,5.277,5.762456214018636
belt,169014,5.180422923544795,4.0,2.739793579230123,2.24,5.435811826239246,5.103,7.569,8.17560540546937
syringe,113821,5.824399715342511,5.0,3.0886557401533987,2.644,5.414843570167192,5.099,7.951,8.50349931032059
submarine,114762,3.913568951395061,3.0,2.068385650302365,1.513,5.408242745856643,4.972,6.604,7.476628396159008
hamburger,123805,4.944671055288558,4.0,2.1364060902225273,1.792,5.403286603933605,4.921,6.817,7.539692694156132
strawberry,118463,8.65958991415041,8.0,2.5729359800106364,2.157,5.387526772072293,5.1,7.345,7.960462752082929
bed,106937,5.774063233492617,5.0,3.452716459223655,2.986,5.362830292602187,4.932,8.189,8.815546751825842
scissors,111174,4.527812258261823,4.0,2.3176765250868008,1.868,5.3486950815838235,4.982,7.071,7.666371606670625
binoculars,108637,6.646354372819573,6.0,3.6153543912295074,3.203,5.318068171985604,4.886,8.202,8.93342256321511
yoga,258274,5.985852234448687,6.0,3.2701083152001362,2.775,5.317192504859181,4.639,7.721,8.587300820059317
birthday cake,137129,6.63201802682146,6.0,2.9483061059294533,2.627,5.306263518292994,4.964,7.726,8.254569624222448
wine bottle,121240,2.2834955460244144,2.0,0.7841218822170901,0.419,5.2989763279445725,5.012,5.654,6.083098210161663
cactus,124931,5.89877612442068,4.0,1.7438141133905916,1.249,5.293812408449464,4.952,6.196,7.037626521840056
rollerskates,114826,4.944803441729225,5.0,2.087941694389772,1.715,5.291627732395102,4.939,6.78,7.379569426784874
drums,115196,6.933461231292753,6.0,3.657214938018681,3.218,5.289359569776728,4.934,8.379,8.94657450779541
crayon,119801,4.204631013096718,4.0,2.380899366449362,1.765,5.266565679752256,4.742,6.626,7.647465046201618
bicycle,122403,7.964690407914839,7.0,3.8649944200714037,3.515,5.250796067089859,4.857,8.576,9.115790487161263
stereo,109453,6.484710332288745,5.0,2.683333896741067,2.158,5.220370798424895,4.777,7.0,7.9037046951659615
hot air balloon,121270,5.053352024408345,5.0,2.345943596932465,2.035,5.213737676259586,4.907,7.023,7.559681273192051
paint can,110366,4.1753257343747165,4.0,2.1547544624250223,1.639,5.204721155065871,4.756,6.596,7.359475617490894
octagon,147596,2.5485175750020326,1.0,0.9117730765061384,0.0,5.181940330361257,5.24,5.922,6.093713406867395
megaphone,120957,4.353662871929694,4.0,2.1089411030366163,1.692,5.175938664153377,4.843,6.697,7.284879767189993
parachute,120311,6.812278179052622,6.0,3.2990441106798216,2.842,5.171351065156137,4.809,7.791,8.470395175835959
harp,263257,6.077490816958334,6.0,2.621882498850933,2.287,5.171118257064389,4.742,7.172,7.7930007559153225
sleeping bag,100730,4.398699493696019,4.0,2.4918132036136207,1.796,5.16502301201231,4.8195,6.818,7.656836215625931
mosquito,116503,7.109542243547376,7.0,3.6875253941958577,3.151,5.147974936267736,4.769,8.111,8.835500330463594
bottlecap,131156,4.251395285004118,3.0,2.081510514196834,1.314,5.145528660526396,4.704,6.171,7.22703917472323
roller coaster,121479,5.682208447550606,4.0,2.5447926061294543,2.016,5.12840923122515,4.715,6.812,7.673201837354605
coffee cup,161333,4.565656127388693,4.0,2.3905902574178874,1.81,5.088463897652681,4.607,6.58,7.4790541550705685
fence,124532,5.7408376963350785,5.0,2.493001943275624,2.001,5.085951811582565,4.78,6.882,7.578953754858189
radio,128460,6.663155846177799,5.0,2.949881535108205,2.425,5.079777440448389,4.619,7.111,8.029658975556593
mailbox,124552,4.125297064679812,4.0,2.2510081170916565,1.793,5.07560277635044,4.608,6.494,7.326610893442097
microphone,113398,8.164412070759626,8.0,2.954649614631651,2.477,5.062624464276266,4.616,7.074,8.017274078907917
snake,115159,2.6986774807005967,2.0,1.3688834915204195,0.761,5.053955426844624,4.603,5.514,6.422838918365043
vase,123331,2.6786533799288095,2.0,1.1515771622706374,0.639,5.0277101458676245,4.625,5.46,6.179287308138262
wristwatch,140538,7.550178599382374,7.0,3.7927749932402626,3.222,5.002242439767181,4.608,7.858,8.795017433007443
eraser,96308,3.9453004942476224,3.0,2.2034549985463303,1.761,4.993810887984384,4.711,6.855,7.1972658865307135
pencil,110006,4.560651237205243,4.0,2.1907301692634946,1.803,4.958858525898587,4.617,6.434,7.149588695162082
carrot,125356,5.888222342767797,5.0,2.489933413637959,1.998,4.952649494240403,4.56,6.675,7.4425829078783625
axe,115437,2.9112243041659087,3.0,1.603706160069995,1.151,4.9498207333870425,4.608,5.949,6.553526893457037
chandelier,145476,6.752660232615689,6.0,3.03469331023674,2.598,4.933363716351838,4.459,7.249,7.968057026588578
mouth,125903,4.195976267443984,3.0,2.0144766923742883,1.414,4.9116627641914805,4.475,5.943,6.926139456565769
washing machine,116389,4.339215905283146,4.0,2.0782179329661736,1.642,4.9014114306334795,4.538,6.368,6.979629363599653
beach,115408,8.037562387356163,6.0,3.669698097185637,3.241,4.886880658186607,4.5024999999999995,7.904,8.556578755372245
wine glass,124782,3.145501755060826,3.0,1.3911722443942236,1.133,4.8724313683063265,4.609,5.7835,6.26360361270055
pool,127818,4.7525857078032825,4.0,2.334648758390837,1.645,4.866257944890391,4.37,6.192,7.200906703281228
onion,122617,6.070300203071352,6.0,2.8398878703605535,2.437,4.8640194426547705,4.501,7.262,7.703907313015324
power outlet,147430,5.511673336498677,5.0,2.6532265278437226,2.098,4.850948504374958,4.409,6.63,7.50417503221868
steak,109015,3.8023574737421457,3.0,1.9629446589918818,1.176,4.841837169196899,4.425,5.795,6.804781828188782
dishwasher,147678,5.408652609054836,4.0,2.6742381397364534,1.98,4.839300369723317,4.43,6.502,7.513538509459771
spreadsheet,148116,8.059534418968916,8.0,3.550788003996867,3.16,4.838820282751357,4.498,7.844,8.389608286748224
shovel,112478,3.148615729298174,3.0,1.5817002080406835,1.13,4.832927959245364,4.528,5.767,6.414628167286047
peas,139639,7.2745866126225485,6.0,2.9540408625097574,2.488,4.810645521666583,4.376,6.948,7.764686384176341
alarm clock,113823,7.904043998137459,7.0,4.003983096562206,3.506,4.808736924874586,4.426,8.029,8.812720021436792
hourglass,128651,2.9261024010695604,2.0,1.1843803157379267,0.839,4.780134340191681,4.539,5.575,5.964514655929608
baseball bat,115228,2.170757107647447,2.0,0.7235824886312354,0.387,4.779766306800431,4.556,5.037,5.503348795431666
traffic light,119571,4.857306537538366,5.0,1.9462714788702946,1.657,4.757247451305083,4.436,6.202,6.703518930175377
The Eiffel Tower,130305,4.796185871608918,4.0,2.2904458539580217,1.93,4.755721729787806,4.395,6.548,7.046167583745827
crown,129692,2.1202695617308702,2.0,0.6495004703451254,0.083,4.752008905715079,4.448,4.774,5.401509376060204
purse,112573,3.406536203174829,3.0,1.8905407424515648,1.269,4.749534453199257,4.29,5.711,6.640075195650822
bracelet,108099,5.899823310113877,5.0,2.46019071406766,2.082,4.7209154016225865,4.33,6.682,7.1811061156902465
toothbrush,118421,6.507519781119902,5.0,2.136814340361929,1.663,4.690823983921771,4.151,5.763,6.8276383242837
flip flops,112579,4.181437035326304,4.0,2.4311088480089538,1.966,4.688697527958145,4.281,6.416,7.119806375967099
remote control,112161,6.689125453589037,6.0,2.5704270914132366,2.168,4.687433136295147,4.275,6.58,7.257860227708384
shorts,120899,2.328282285213277,2.0,1.0013670170969156,0.401,4.675560178330673,4.28,4.855,5.676927195427588
knife,150568,2.7116053875989587,2.0,1.257747044524733,0.833,4.671992634557143,4.307,5.258,5.929739679081877
stethoscope,131819,4.2646507711331445,4.0,2.0817251913608814,1.73,4.671012668886883,4.342,6.148,6.752737860247764
mouse,166049,5.183241091485043,4.0,2.6653609296051166,2.17,4.664278201012954,4.232,6.647,7.32963913061807
umbrella,120394,3.399446816286526,3.0,1.6294753891389937,1.265,4.655538290944731,4.275,5.731,6.2850136800837255
floor lamp,144304,3.830877868943342,3.0,1.800056519569797,1.391,4.6317136669808185,4.278,5.808,6.431770186550615
tree,138377,3.6607022843391603,3.0,1.5824646798239592,1.145,4.626271244498724,4.196,5.493,6.208735924322684
candle,135107,3.724758894801898,3.0,1.7446824442849,1.382,4.616875987180531,4.263,5.795,6.361558431465431
bridge,121045,6.45069189144533,6.0,3.5915405345119584,3.16,4.609143392953034,4.246,7.574,8.200683927464992
rifle,150385,2.731435980982146,2.0,1.1640913388968315,0.594,4.601637337500415,4.06,4.799,5.765728676397247
light bulb,115194,4.059395454624373,3.0,1.5240748129242843,1.028,4.601260664617949,4.205,5.319,6.125335477542233
pants,138188,1.827003791935624,1.0,0.514321598112716,0.0,4.578462500361826,4.32,4.656,5.092784098474542
marker,297005,3.1793942862914766,3.0,1.5820041548122086,0.98,4.577129014663053,4.061,5.117,6.159133169475261
wheel,129637,6.7618966807315815,6.0,2.9921306262872482,2.66,4.577102385892917,4.176,6.992,7.569233012180165
lipstick,121174,2.927476191262152,3.0,1.2583579150642876,0.951,4.5769998184429,4.332,5.471,5.8353577335071884
leaf,116340,5.214758466563521,5.0,2.3817981691593606,1.912,4.548584003782018,4.063,5.952,6.930382172941378
tooth,114581,1.6478299194456323,1.0,0.48580333563156197,0.0,4.53502075387717,4.238,4.527,5.020824089508732
tornado,138297,1.8652248421874662,1.0,0.5280420110342234,0.0,4.517647635162007,3.838,4.037,5.04568964619623
grapes,143179,8.157558021776936,8.0,2.807543508475405,2.351,4.515992205560871,3.928,6.244,7.323535714036276
underwear,117851,2.370416882334473,2.0,1.0344503143800223,0.621,4.515547997047118,4.253,4.965,5.549998311427141
foot,180969,1.8321756764970796,1.0,0.6004862158712265,0.0,4.511748028667894,3.969,4.432,5.11223424453912
eye,120926,5.189305856474207,5.0,2.338372525346079,1.89,4.500248821593371,4.001,5.941,6.83862134693945
sailboat,132163,3.3865378358542104,3.0,1.7015720511792256,1.258,4.49859104287887,4.171,5.639,6.2001630940580945
camera,124602,3.6394600407698112,3.0,1.653979197765686,1.337,4.497440305934094,4.141,5.627,6.15141950369978
mug,140528,3.417809973813048,3.0,1.530582958556302,1.165,4.477025496698167,4.168,5.575,6.007608455254469
toe,131617,3.071350965300835,2.0,1.5984790490590122,1.031,4.471835370810761,3.805,4.85,6.070314419869773
shoe,115634,2.925523634917066,2.0,1.2115039694207586,0.792,4.469343852154211,4.2,5.125,5.680847821574969
popsicle,121576,2.5792508389813777,2.0,1.0890320951503587,0.763,4.438673529314997,4.154,5.059,5.527705624465355
compass,120810,5.781574372982369,5.0,3.2494290207764256,2.755,4.424846494495489,4.016,7.009,7.674275515271915
bucket,121423,2.940077250603263,3.0,1.3990856509886924,1.017,4.417436284723652,4.141,5.391,5.816521935712345
garden hose,115904,3.3486419795692988,2.0,1.3911397018221976,0.761,4.4100516893291,3.807,4.717,5.801191391151297
broom,113079,6.04902767092033,4.0,1.856812237462305,1.366,4.39862128246624,3.834,5.637,6.255433519928546
helmet,115086,3.5772987157430096,3.0,1.9624394626627044,1.401,4.384897485358775,4.015,5.613,6.347336948021479
face,148294,6.318239443268102,6.0,3.260648562989737,2.659,4.3802091723198515,3.925,6.812,7.640857735309588
bowtie,123848,3.12083360248046,3.0,1.1594901572895808,0.932,4.327797622892578,3.9065000000000003,4.881,5.487287780182159
watermelon,124339,6.380492041917661,5.0,2.472470568365517,1.899,4.324084165064863,3.74,5.789,6.79655473343038
bandage,125565,6.012742404332418,4.0,2.0953915342651217,1.671,4.306094094691992,3.976,5.754,6.401485628957114
postcard,117607,4.159947962281157,4.0,1.7293167158417442,1.457,4.29149002185244,4.012,5.613,6.020806737694185
waterslide,163243,4.744025777521854,3.0,2.356215292539343,1.81,4.251195389695117,3.686,5.621,6.607410682234461
cup,121066,3.2424545289346307,3.0,2.001749615911982,1.175,4.225665537805825,3.732,5.003,6.227415153717807
hockey puck,181198,2.8309639179240387,2.0,1.7024697954723562,0.981,4.216993912736344,3.165,4.304,5.9194637082087
ice cream,119741,3.692260796218505,3.0,1.4505967964189375,1.138,4.211497081200257,3.888,5.102,5.662093877619195
fork,119055,2.6580739994120366,2.0,1.0335870648019823,0.603,4.184147436058964,3.708,4.647,5.217734500860947
bush,111209,2.952530820347274,2.0,0.991889694179428,0.402,4.177463271857493,3.64,4.305,5.1693529660369215
pillow,111659,2.109189586150691,1.0,0.743395077871018,0.0,4.137666466652934,3.704,4.473,4.881061544523952
flying saucer,129929,4.286833578338939,3.0,2.0958271517521108,1.435,4.130948571912352,3.753,5.366,6.2267757236644625
envelope,130021,2.376523792310473,2.0,0.8506299674667939,0.561,4.11622479445628,3.823,4.584,4.966854761923074
hurricane,130070,2.46405781502268,1.0,0.6951720996386561,0.0,4.11613637272238,3.634,3.745,4.811308472361036
spider,187687,8.759621071251605,9.0,3.8001296893231817,3.396,4.108621992998982,3.77,7.282,7.908751682322164
feather,113378,5.467401083102542,4.0,2.08176661257034,1.612,4.105204748716682,3.651,5.359,6.186971361287022
ant,115654,8.724402095906756,8.0,3.6780814152558494,3.211,4.075587882822902,3.677,6.9725,7.753669298078752
apple,139772,2.7217468448616318,3.0,1.0154783218384227,0.778,4.05223794465272,3.816,4.744,5.067716266491143
animal migration,115833,7.297359129091019,6.0,3.006098037692195,2.367,4.042347612511115,3.506,5.958,7.04844565020331
mushroom,136856,3.0363813058981703,3.0,1.1678797568246917,0.819,4.03371082013211,3.705,4.643,5.201590576956801
house,132258,3.5874049206853273,3.0,1.479221854254563,1.099,4.024819889912141,3.636,4.758,5.504041744166704
diamond,126727,3.567566501219156,3.0,1.552338933297561,1.057,4.0128135204021245,3.637,4.778,5.565152453699685
diving board,268132,4.375643339847538,3.0,2.2743247020124415,1.622,4.0004459631823135,3.498,5.2,6.274770665194755
banana,285808,2.1910338409001846,2.0,0.9000434382522533,0.431,3.9950284771594915,3.568,4.191,4.895071915411745
headphones,114668,3.230971151498238,3.0,1.2481574894477971,1.041,3.992263770188719,3.695,4.825,5.240421259636516
skateboard,125471,3.615568537749759,3.0,1.686960971061042,1.426,3.985391205936033,3.668,5.21,5.672352176997075
cookie,126481,7.709094646626766,6.0,2.412987729382279,1.977,3.953238209691574,3.664,5.825,6.366225939073853
basketball,126236,5.293632561234513,5.0,2.939409193890808,2.483,3.9397796983427864,3.624,6.406,6.879188892233595
bread,116867,2.709943782248197,2.0,1.0113056722599194,0.528,3.9183077601033656,3.631,4.328,4.9296134323632845
frying pan,117011,2.885925254890566,3.0,1.32567825247199,1.001,3.915603891941783,3.57,4.676,5.241282144413773
jail,115475,6.699735873565706,6.0,2.851379112361983,2.302,3.9030090842173633,3.4,5.824,6.754388196579346
swing set,116317,4.599697378715063,4.0,2.3009745265094526,1.927,3.8795422251261638,3.493,5.456,6.180516751635617
rake,132626,6.070928777162849,6.0,2.7221699666732015,2.086,3.8572593910696242,3.243,5.363,6.579429357742826
sock,188579,2.4250314191930173,2.0,0.8559713064551197,0.575,3.8193548274198084,3.59,4.327,4.675326133874928
moustache,163397,2.068250947079812,2.0,0.6873564447327675,0.11,3.8167899104634726,3.372,3.699,4.50414635519624
eyeglasses,203677,4.424971891769812,4.0,2.031880963486304,1.768,3.8023323252011765,3.365,5.186,5.83421328868748
dumbbell,135972,3.4169387815138412,3.0,1.4133085635277851,1.18,3.7930814947195013,3.436,4.705,5.206390058247286
hexagon,135703,1.9362578572323383,1.0,0.5140774485457211,0.0,3.792011959941932,3.68,4.024,4.3060894084876535
matches,121927,3.7601023563279665,3.0,1.7428977256883218,1.211,3.774602836123254,3.002,4.247,5.517500561811576
fish,126304,3.135933937167469,3.0,1.6008715321763365,1.055,3.7522140312262477,3.314,4.504,5.353085563402584
necklace,112839,4.302120720672817,3.0,1.7251968645592393,1.177,3.724654046916403,3.232,4.609,5.449850911475642
streetlight,117315,3.570753953032434,3.0,1.4782263819630908,0.951,3.709430345650599,3.301,4.273,5.18765672761369
pear,114380,1.999562860639972,2.0,0.5710775834936178,0.402,3.7050181063122922,3.56,3.991,4.27609568980591
table,121985,4.551526827068902,4.0,2.479436520883715,2.013,3.6929215477312782,3.323,5.562,6.172358068614994
elbow,116045,2.6810547632383988,2.0,1.271307311818691,0.825,3.673704864492223,3.147,4.079,4.945012176310914
hockey stick,123808,1.6389328637890928,1.0,0.5771575584776428,0.0,3.6614191813130006,3.396,3.608,4.238576739790644
spoon,119850,1.7097872340425533,1.0,0.5452420025031289,0.0,3.6572531163954944,3.438,3.696,4.202495118898623
nail,136552,2.7829691253148985,2.0,1.4605108676548129,0.735,3.6501615062393813,3.088,3.843,5.110672373894194
chair,203382,4.741019362578792,4.0,2.1857580661022116,1.847,3.6308292867608736,3.243,5.3155,5.816587352863086
see saw,119510,3.535327587649569,3.0,1.8414545226340893,1.453,3.559768588402644,3.114,4.671,5.4012231110367335
bench,120109,4.186647128857954,3.0,1.9636384700563654,1.454,3.5459043285682172,2.949,4.327,5.509542798624583
tent,126718,3.518300478227245,3.0,1.9825250872015026,1.536,3.5398457046354896,3.199,4.848,5.522370791836992
cloud,117479,1.4256845904374398,1.0,0.2571154504209263,0.0,3.5306955966598284,3.205,3.443,3.787811047080755
peanut,121956,2.5927629636918232,1.0,0.6826258322673752,0.0,3.530268760864574,3.337,3.693,4.212894593131949
canoe,118990,2.0230355492058156,2.0,0.745349239431885,0.279,3.488838717539289,3.196,3.665,4.234187956971174
hat,200492,2.3927238992079483,2.0,0.9494469405263053,0.655,3.4670034016319855,3.183,3.954,4.41645034215829
snowflake,113187,6.38024684813627,5.0,2.446780434148798,1.882,3.4548713456492353,2.375,4.63,5.9016517797980335
blueberry,112156,3.729055957773102,3.0,1.8665915421377368,0.913,3.4491907967473874,2.834,3.811,5.315782338885124
pond,110544,3.0799862498190764,2.0,1.313216538211029,0.83,3.4418231111593576,3.053,3.767,4.755039649370387
lightning,141599,1.765252579467369,1.0,0.7022169012493026,0.0,3.410333335687399,2.747,3.053,4.112550236936702
boomerang,135454,1.386249206372643,1.0,0.2705179249043956,0.0,3.402091691644396,3.334,3.551,3.6726096165487916
paper clip,121298,1.2556925917987105,1.0,0.20449979389602466,0.0,3.4001770598031293,3.191,3.393,3.604676853699154
rain,130521,9.09616077106366,8.0,2.5812085334926946,2.196,3.3125257391530867,2.937,5.184,5.893734272645781
suitcase,121114,2.5162904371088395,2.0,0.9018111778985088,0.568,3.311148876265337,2.8434999999999997,3.568,4.212960054163846
star,132694,1.400538080094051,1.0,0.24423588104963298,0.0,3.300670459855005,2.83,3.015,3.5449063409046375
leg,110609,1.8938693957996184,1.0,0.6606833892359573,0.0,3.297905269914745,2.686,2.814,3.9585886591507022
skyscraper,161693,3.0924900892431952,2.0,1.2253165752382602,0.797,3.248612549708398,2.785,3.656,4.473929124946658
golf club,172760,1.9043181291965732,1.0,0.5936582252836304,0.0,3.247652674230146,3.045,3.55,3.8413108995137764
river,126731,3.5231790169729584,3.0,1.6458086892709756,1.215,3.2352591788907215,2.786,4.035,4.881067868161697
string bean,97104,2.1442165101334654,1.0,0.7593307896688087,0.0,3.2217465706870985,2.842,3.316,3.981077360355907
baseball,126327,4.657040854290848,4.0,1.9729506993754304,1.609,3.1660329383267234,2.834,4.567,5.138983637702154
keyboard,165701,3.2008014435640098,2.0,0.887859693061599,0.625,3.128635005220246,2.843,3.589,4.016494698281845
sun,129535,8.007349365036477,8.0,2.670069888447138,2.3,3.1250822634809126,2.632,4.988,5.7951521519280504
knee,245443,2.3522365681645026,2.0,0.945638119644887,0.577,3.0657220209987655,2.735,3.553,4.011360140643652
grass,119877,4.9504658942082305,3.0,1.3126356265171801,0.98,3.0613622296186924,2.748,3.734,4.3739978561358726
clock,118557,4.711784205065918,4.0,2.0153028669753787,1.728,3.054937211636597,2.774,4.647,5.070240078611976
donut,136919,3.870806827394299,3.0,1.1617275980689312,0.904,3.0001429531328743,2.746,3.839,4.1618705512018055
smiley face,119380,4.546247277600938,4.0,2.156142846372927,1.655,2.986002303568437,2.601,4.493,5.1421451499413635
lollipop,124378,2.3857112994259433,2.0,0.9077477849780508,0.703,2.9641372429207737,2.702,3.606,3.8718850278988244
snowman,323671,3.638926564319942,3.0,1.3961922754896174,1.216,2.9572512180578427,2.712,3.919,4.35344349354746
moon,114718,2.369662999703621,1.0,0.8770958960232919,0.0,2.957104072595408,2.537,2.645,3.8341999686187
door,115686,2.494329478069948,2.0,0.9201307418356586,0.712,2.946961404145705,2.728,3.5875000000000004,3.8670921459813634
stairs,122699,1.4212992770927229,1.0,0.2546676908532262,0.0,2.9089654112910455,2.631,2.659,3.1636331021442716
finger,155146,2.1779871862632616,2.0,0.833388807961533,0.509,2.8036812292936975,2.368,2.68,3.6370700372552305
ear,116727,2.147746451120992,2.0,0.757687904255228,0.575,2.7779371182331425,2.595,3.305,3.5356250224883703
ocean,126416,2.6043301480825214,2.0,0.9033153081888369,0.54,2.7123002626249844,2.39,3.017,3.615615570813821
ladder,121526,5.846444382272106,6.0,2.456017428369238,2.203,2.5870599953919324,2.25,4.594,5.04307742376117
nose,182369,1.856357165965707,1.0,0.554793753324304,0.0,2.500450125843756,2.334,2.657,3.0552438791680605
mountain,123295,1.838136177460562,2.0,0.5621924733363073,0.342,2.437950281844357,2.224,2.632,3.000142755180664
rainbow,125166,2.50614384097918,2.0,0.8483544972276816,0.653,2.4176820222744198,1.896,2.607,3.266036519502101
square,120438,1.3681147146249522,1.0,0.24831247612879656,0.0,2.3379433401418157,2.071,2.244,2.5862558162706124
potato,307060,3.374285155995571,2.0,0.9210473946459975,0.649,2.328140536051586,2.187,3.082,3.2491879306975835
stitches,113919,6.543798663962991,6.0,2.505485388741123,1.778,2.1347940203126785,1.672,3.55,4.640279409053801
zigzag,116555,1.1397451846767621,1.0,0.12913754021706492,0.0,2.050777675775385,1.943,2.002,2.17991521599245
triangle,120414,1.3882688059527961,1.0,0.2625581327752587,0.0,1.9077037553772818,1.694,1.873,2.1702618881525404
squiggle,109032,1.401634382566586,1.0,0.36002981693447794,0.0,1.654267288502458,1.427,1.563,2.014297105436936
circle,118709,1.114228912719339,1.0,0.09756865949506777,0.0,1.557451987633625,1.276,1.325,1.6550206471286928
line,140546,1.1620110141875257,1.0,0.2622724801844236,0.0,0.7204971539567117,0.496,0.508,0.9827696341411353
